campaign_id,product_scope,supplier_name,contact_name,country,platform,company_url,product_url,public_evidence,company_type_claim,custom_moq_claim,message_variant,sent_at_edt,send_proof,response_status,response_summary,fit_score,decision,followup_sent_at_edt,notes
D001,denim,"Guangzhou Yijia Manufacturing Co.,ltd","Mia Mia",China,Alibaba,https://gzike.en.alibaba.com/company_profile.html,https://www.alibaba.com/product-detail/Side-Laced-Jeans-Classic-Black-Men_1601439046457.html,"Directory lists men's and women's jeans; black denim offer; profile review link",manufacturer claim,,denim,2026-08-04 22:16,"Alibaba success receipt MC1IDX1euLMtTiw5qcXVgPzl1LVin4L4cDDGlsme-Pb9VsevU2fEKsPJdTXBEbjj8eozSO6",awaiting,,0,evidence_pending,,No attachment or commitment
D002,denim,"Guangzhou Tsra Garment Co., Ltd.","Tsra Yan",China,Alibaba,https://tsra.en.alibaba.com/company_profile.html,https://www.alibaba.com/product-detail/Women-s-Breathable-Elastic-Low-Rise_1601392522458.html,"Profile claims manufacturer/trader; 201-300 staff; Guangzhou factory address; jeans flow and OEM/design capability",manufacturer_and_trader claim,,denim,2026-08-04 22:21,"Alibaba success receipt MC1IDX152Q_1uxqZvRW0g4Ge_n_h1Gq2-rjJVTHQrWHmA9w4xKNl7wUrNRTY-N-dA-8MWyx",awaiting,,0,evidence_pending,,No attachment or commitment; public claims require reconciliation
D003,denim,"Foshan Hantingyun Clothing Co., Ltd.",,China,Alibaba,https://hantingyun.en.alibaba.com/company_profile.html,https://www.alibaba.com/product-detail/2025-New-Women-s-Jeans-Are_1601439982535.html,"Directory lists women's and men's jeans",supplier claim,,denim,2026-08-04 22:22,"Controlled send loop advanced only after Alibaba feedbackInquirySucess URL; receipt text lost when automation cell timed out",awaiting,,0,evidence_pending,,No attachment or commitment
D004,denim,"Guangzhou Purui Garment Accessories Co., Ltd.",,China,Alibaba,https://jbrave.en.alibaba.com/company_profile.html,https://www.alibaba.com/product-detail/Low-MOQ-Manufacturers-Wholesale-Men-s_1600213870034.html,"Denim supplier directory and men's jeans offer",supplier claim,,denim,2026-08-04 22:23,"Controlled send loop advanced only after Alibaba feedbackInquirySucess URL; receipt text lost when automation cell timed out",awaiting,,0,evidence_pending,,No attachment or commitment
D005,denim,"Zhongshan Zuoyu Garment Co., Ltd.",,China,Alibaba,https://zuoyufashion.en.alibaba.com/company_profile.html,https://www.alibaba.com/product-detail/Factory-Direct-OEM-ODM-Women-s_1600615163869.html,"Denim supplier directory and factory-direct OEM/ODM offer",supplier claim,,denim,2026-08-04 22:23,"Controlled send loop advanced only after Alibaba feedbackInquirySucess URL; receipt text lost when automation cell timed out",awaiting,,0,evidence_pending,,No attachment or commitment
D006,denim,"Jiangmen Zhendi Garment Co., Ltd.",,China,Alibaba,https://zhendi.en.alibaba.com/company_profile.html,https://www.alibaba.com/product-detail/Manufacturer-Direct-Women-Cotton-Denim-Pant_1601396411089.html,"Denim supplier directory and manufacturer-direct cotton denim offer",manufacturer claim,,denim,2026-08-04 22:24,"Controlled send loop advanced only after Alibaba feedbackInquirySucess URL; receipt text lost when automation cell timed out",awaiting,,0,evidence_pending,,No attachment or commitment
D007,denim,"Dongguan Yuehao Clothing Co., Ltd.",,China,Alibaba,https://yuehao01.en.alibaba.com/company_profile.html,https://www.alibaba.com/product-detail/Jeans-Homme-Manufacturer-Custom-Baggy-Denim-1601392744496.html,Public product listing only; capability remains unverified,unverified platform claim,,denim,2026-08-04,Alibaba success receipt MC1IDX1XFJQGc3SFdWKfHBViGgOPxdjdU17NcdfdExmOIUl9JPiNqOX4i2PeSAZYlkgI-qp,awaiting,,0,evidence_pending,,"No attachment, order or spend commitment"
D008,denim,Guangzhou Sense Garment Co. Ltd.,,China,Alibaba,https://sensegarment.en.alibaba.com/company_profile.html,https://www.alibaba.com/product-detail/SENSE-Customization-Wholesale-High-Painted-Distressing-1600896084347.html,Public product listing only; capability remains unverified,unverified platform claim,,denim,2026-08-04,Alibaba success receipt MC1IDX1hXDaBQOyOAbUTlfFpm6cmwvO0Q4Itsd8li7V2kv3LpfltyXUNgORV3EC0zV6NUtu,awaiting,,0,evidence_pending,,"No attachment, order or spend commitment"
D009,denim,"Youmi Clothing (Dongguan) Co., Ltd.",,China,Alibaba,https://yomii.en.alibaba.com/company_profile.html,https://www.alibaba.com/product-detail/YOUMI-Denim-Manufacturer-Men-s-Plain-1601718795409.html,Public product listing only; capability remains unverified,unverified platform claim,,denim,2026-08-04,Alibaba success receipt MC1IDX1XrwQKKD36sDryhhUYi85s7jpeYGTzn2gA2-jvkArvVp6Jx9BdoetPAt5Xku9Eqfi,awaiting,,0,evidence_pending,,"No attachment, order or spend commitment"
D010,denim,"Dongguan Bentura Clothing Co., Ltd.",,China,Alibaba,https://bentura.en.alibaba.com/company_profile.html,https://www.alibaba.com/product-detail/BENTURA-Designer-Vintage-Distressed-Faded-Straight-1601752097486.html,Public product listing only; capability remains unverified,unverified platform claim,,denim,2026-08-04,Alibaba success receipt MC1IDX19rdXYqpwmyiL1IGdJ7zUt-IOgDxS8uw7WW5ck7PW0__YjNv9e6A2AiYqMXe7J50P,awaiting,,0,evidence_pending,,"No attachment, order or spend commitment"
D011,denim,"Dongguan Langyan Trading Co., Ltd.",,China,Alibaba,https://langyanfs.en.alibaba.com/company_profile.html,https://www.alibaba.com/product-detail/Clothing-Manufacturers-Heavyweight-Japanese-Selvedge-Denim-1601778694340.html,Public product listing only; capability remains unverified,unverified platform claim,,denim,2026-08-04,Alibaba success receipt MC1IDX1YqQgHnmz61HX4bH-Bv8wIgF9pUzr8jbXdHgL5ZWonZPw7PAnQQUybmskZY17vrR9,awaiting,,0,evidence_pending,,"No attachment, order or spend commitment"
D012,denim,"Dongguan Yifushan Clothing Co., Ltd.",,China,Alibaba,https://dgsyfs.en.alibaba.com/company_profile.html,https://www.alibaba.com/product-detail/Custom-Loose-Men-s-Denim-Pants-1601524267335.html,Public product listing only; capability remains unverified,unverified platform claim,,denim,2026-08-04,Alibaba success receipt MC1IDX1l5GWBCrLdE9xZ4-bgV1uQsv-KRuQb2KF6v40y9FuFm-WiZirbXgm9NOGp6KZcgxe,awaiting,,0,evidence_pending,,"No attachment, order or spend commitment"
D013,denim,"Guangzhou Yuce Clothing Co., Ltd.",,China,Alibaba,https://yuce888.en.alibaba.com/company_profile.html,https://www.alibaba.com/product-detail/Black-Waxed-Wide-Leg-Y2k-Baggy-1601633649088.html,Public product listing only; capability remains unverified,unverified platform claim,,denim,2026-08-04,Alibaba success receipt MC1IDX1v0tYcOZto1MX7AoHI8BDR5i94c7NCgWB_du0kLB-Hr0TydiqiTQHBEDedzjlI5Dn,awaiting,,0,evidence_pending,,"No attachment, order or spend commitment"
D014,denim,"Dongguan Shengfu Textile Co., Ltd.",,China,Alibaba,https://xjfashion.en.alibaba.com/company_profile.html,https://www.alibaba.com/product-detail/Custom-Women-s-Jeans-Manufacturer-Denim-1601729033603.html,Public product listing only; capability remains unverified,unverified platform claim,,denim,2026-08-04,Alibaba success receipt MC1IDX1AI9OQ5cvyIZ_6cktZWDcnTlCXi6K7tFzULAhNcNLLo_tKWiWgORL6rAeeTiVtnva,awaiting,,0,evidence_pending,,"No attachment, order or spend commitment"
D015,denim,"Dongguan Xuchang Clothing Co., Ltd.",,China,Alibaba,https://xuchanggarment.en.alibaba.com/company_profile.html,https://www.alibaba.com/product-detail/Top-Quality-Men-Slim-Fit-Raw-1600496466793.html,Public product listing only; capability remains unverified,unverified platform claim,,denim,2026-08-04,Alibaba success receipt MC1IDX10I9UtIe5raUcnz096IrgAYjDA-cgjJDp7spiAg0JzG8DT3pXVh1gHVWlTfHwWSYB,awaiting,,0,evidence_pending,,"No attachment, order or spend commitment"
D016,denim,"Guangzhou Shanlai Industrial Co., Ltd.",,China,Alibaba,https://vow.en.alibaba.com/company_profile.html,https://www.alibaba.com/product-detail/denim-jeans-manufacturer-new-fashion-street-1600154631291.html,Public product listing only; capability remains unverified,unverified platform claim,,denim,2026-08-04,Alibaba success receipt MC1IDX1XX-XXzpxHx3m1IVXA7QbS_mFsfBcRYyKnSaKZciIqmZr9DpVmEaGL6t-cj6fIrq9,awaiting,,0,evidence_pending,,"No attachment, order or spend commitment"
D017,denim,"Guangzhou Ruifeng Import And Export Trade Co., Ltd.",,China,Alibaba,https://edgedenim.en.alibaba.com/company_profile.html,https://www.alibaba.com/product-detail/Edge-Denim-Jeans-Manufacturer-Custom-Designer-1601393262584.html,Public product listing only; capability remains unverified,unverified platform claim,,denim,2026-08-04,Alibaba success receipt MC1IDX1XG6z_ifdvQf6Hp47t0sGeLw8edKh2gdX934t7pcY6JU5aiSL0efzPKHa5GC7vM8I,awaiting,,0,evidence_pending,,"No attachment, order or spend commitment"
D018,denim,"Jiangxi Zhuoshuo Garment Co., Ltd.",,China,Alibaba,https://cn1529175314xwas.en.alibaba.com/company_profile.html,https://www.alibaba.com/product-detail/Factory-Direct-Sale-Stack-Sweet-Wear-1601458854262.html,Public product listing only; capability remains unverified,unverified platform claim,,denim,2026-08-04,Alibaba success receipt MC1IDX14_sGG8zMCTZ18x2V3Kkw-Ks3sNo30QnKSrESwJBe5NJ7Y5KT3iy8-2aTO5lgzdfA,awaiting,,0,evidence_pending,,"No attachment, order or spend commitment"
D019,denim,Guangzhou Bluedot Garment Company Limited,,China,Alibaba,https://gzlandian.en.alibaba.com/company_profile.html,https://www.alibaba.com/product-detail/Blue-Team-Custom-denim-jeans-manufacture-1600649854701.html,Public product listing only; capability remains unverified,unverified platform claim,,denim,2026-08-04,Alibaba success receipt MC1IDX1V_zuQyYPo5owfRsF6vZ1ixxp_caQIWvmmwqTfRXRvLQ8dLLoiNSIZOXT5N0VLRev,awaiting,,0,evidence_pending,,"No attachment, order or spend commitment"
D020,denim,"Dongguan Linzhixiu Garment Co., Ltd.",,China,Alibaba,https://lingzhixiu.en.alibaba.com/company_profile.html,https://www.alibaba.com/product-detail/Custom-Men-s-Acid-Washed-Oversized-1601417074813.html,Public product listing only; capability remains unverified,unverified platform claim,,denim,2026-08-04,Alibaba success receipt MC1IDX11lmtpsjvJnvzR6DSnK-E47wz1ber0S5LGJJOfphyYhpAHMQ_B3LtqkH39fOBIPck,awaiting,,0,evidence_pending,,"No attachment, order or spend commitment"
D021,denim,"Xiamen Sunrise Trading Co., Ltd.",,China,Alibaba,https://castershub.en.alibaba.com/company_profile.html,https://www.alibaba.com/product-detail/2024-Factory-Direct-sale-stack-jeans-1601273138755.html,Public product listing only; capability remains unverified,unverified platform claim,,denim,2026-08-04,Alibaba success receipt MC1IDX1mxPsIQtDYyybywaWAuUSbCcHFbwoeo6Fo1jXGv_2ak0us3I-FxMhkctIGxjvC88u,awaiting,,0,evidence_pending,,"No attachment, order or spend commitment"
D022,denim,"Zhongshan Huanqiu Textile Selection Garments Co., Ltd.",,China,Alibaba,https://zshqzx.en.alibaba.com/company_profile.html,https://www.alibaba.com/product-detail/American-Vintage-Red-Ear-Dark-Blue-1601687204236.html,Public product listing only; capability remains unverified,unverified platform claim,,denim,2026-08-04,Alibaba success receipt MC1IDX12dMxBqMR1KxcNYui_bkBTXXqibaQmDj0xnbZ-eWL56cVrqGdBu_AT8x24f2YaWpv,awaiting,,0,evidence_pending,,"No attachment, order or spend commitment"
D023,denim,"Guangzhou Laite Clothing Co., Ltd.",,China,Alibaba,https://laiteclothing.en.alibaba.com/company_profile.html,https://www.alibaba.com/product-detail/LTD-MTR1020-Vintage-Wash-Baggy-Jeans-1601867734405.html,Public product listing only; capability remains unverified,unverified platform claim,,denim,2026-08-04,Alibaba success receipt MC1IDX1aVNJyfR7TgB2EGEUDiMx6gPSTzcMRjWR7Z_4A7cMnhBa_ygHte6NK50gKbO8G_Oy,awaiting,,0,evidence_pending,,"No attachment, order or spend commitment"
D024,denim,"Jiangxi Qingyunzhi Clothing Co., Ltd.",,China,Alibaba,https://qyz.en.alibaba.com/company_profile.html,https://www.alibaba.com/product-detail/High-Quality-Custom-Straight-Fit-Casual-1601361229011.html,Public product listing only; capability remains unverified,unverified platform claim,,denim,2026-08-04,Alibaba success receipt MC1IDX1VojHf8U1ICRc89tCIkswF7viWTVR0TWsSg58rrprkfnbVQUkK75WW2uKkMb1BqB_,awaiting,,0,evidence_pending,,"No attachment, order or spend commitment"
D025,denim,Dongguan Tiantian Pai Design Clothing Ltd.,,China,Alibaba,https://tiantianpaibag.en.alibaba.com/company_profile.html,https://www.alibaba.com/product-detail/Manufacturer-Custom-Brand-Label-Street-Retro-1601664785533.html,Public product listing only; capability remains unverified,unverified platform claim,,denim,2026-08-04,Alibaba success receipt MC1IDX1MU9dVb5IwVSRv8lRm6sBV8GY9fQ2pXhcMPyn1d4XK2EfoMIhmNDnmj0coC8rBI-f,awaiting,,0,evidence_pending,,"No attachment, order or spend commitment"
D026,denim,"Tomato Guangzhou Garments Co., Ltd.",,China,Alibaba,https://gztomato.en.alibaba.com/company_profile.html,https://www.alibaba.com/product-detail/High-Quality-Vintage-Custom-Manufacturer-Cotton-1601598130628.html,Public product listing only; capability remains unverified,unverified platform claim,,denim,2026-08-04,Alibaba success receipt MC1IDX1ewtKEUsUwciU-MIL3JA-arw4JSag9nX4rSwUKGFvr6fTa1_k6AIPO92X3YGhtwrp,awaiting,,0,evidence_pending,,"No attachment, order or spend commitment"
D027,denim,"Shishi Mengdiqiu Garment Co., Ltd.",,China,Alibaba,https://mengdiqiu.en.alibaba.com/company_profile.html,https://www.alibaba.com/product-detail/Jeans-Manufacturer-Customized-Vintage-Men-s-1601242049723.html,Public product listing only; capability remains unverified,unverified platform claim,,denim,2026-08-04,Alibaba success receipt MC1IDX15h19Y3IpQlFjB-lc0ht1VlBBD5ksFnJmwtkSXbt_wjxKR9RdkkxsANgr3OukRCvu,awaiting,,0,evidence_pending,,"No attachment, order or spend commitment"
D028,denim,"Dongguan Bayee Industrial Co., Ltd.",,China,Alibaba,https://bayee-label.en.alibaba.com/company_profile.html,https://www.alibaba.com/product-detail/Custom-High-Quality-Vintage-Baggy-Fashion-1601203645775.html,Public product listing only; capability remains unverified,unverified platform claim,,denim,2026-08-04,Alibaba success receipt MC1IDX1DC2lF65VPGapk5o8owLMnp-dU4jI93xNTXg2yHxwlu2q--be8iK8gKY3Pr8jahK_,awaiting,,0,evidence_pending,,"No attachment, order or spend commitment"
D029,denim,"Guangzhou Disai Garment Co., Ltd.",,China,Alibaba,https://disaifuzhuang.en.alibaba.com/company_profile.html,https://www.alibaba.com/product-detail/Custom-Jeans-Manufacturer-Multi-Pocket-High-1601411356318.html,Public product listing only; capability remains unverified,unverified platform claim,,denim,2026-08-04,Alibaba success receipt MC1IDX1ncEp2GpS_OwJ6OMwaQ3yCB3mW-SQck3y3TTxwHUZPZfhcYuWTYMzRWM5CK4Y8_5y,awaiting,,0,evidence_pending,,"No attachment, order or spend commitment"
D030,denim,"Guangzhou Winone Technology Co., Ltd.",,China,Alibaba,https://winonejeans.en.alibaba.com/company_profile.html,https://www.alibaba.com/product-detail/Custom-Men-s-Jeans-High-Quality-1601708119207.html,Public product listing only; capability remains unverified,unverified platform claim,,denim,2026-08-04,Alibaba success receipt MC1IDX11YkbsEwIuo7O_T65F1SV8FmvnLVXjwaE4H9NhJ54VkFZ_6hxtvW3H00iW2HGg_jE,awaiting,,0,evidence_pending,,"No attachment, order or spend commitment"
D031,denim,"Guangzhou Ruibeier Industrial Co., Ltd.",,China,Alibaba,https://wintress.en.alibaba.com/company_profile.html,https://www.alibaba.com/product-detail/Custom-High-Quality-Vintage-Baggy-Fashion-1601268373294.html,Public product listing only; capability remains unverified,unverified platform claim,,denim,2026-08-04,Alibaba success receipt MC1IDX1v__ilIbkENiY5L8s1zouqzbPX10ldxoZwZCEnw3nteOF3yRTr2Y-Fmj1FPsstSSF,awaiting,,0,evidence_pending,,"No attachment, order or spend commitment"
D032,denim,Dongguan Humen Jinling Garment Factory,,China,Alibaba,https://jl88888.en.alibaba.com/company_profile.html,https://www.alibaba.com/product-detail/Colombian-Jeans-Custom-Jorts-Men-Denim-1601651582418.html,Public product listing only; capability remains unverified,unverified platform claim,,denim,2026-08-04,Alibaba success receipt MC1IDX1a2dHler3dO7jS13lsk0cUbhw50IeTDPiV6LcKr8UraGTM5HZKJZkwpjnJFdmIP7L,awaiting,,0,evidence_pending,,"No attachment, order or spend commitment"
D033,denim,"Dongguan Xikaixi Garment Co., Ltd.",,China,Alibaba,https://xikaixi.en.alibaba.com/company_profile.html,https://www.alibaba.com/product-detail/Streetwear-Manufacturer-Mens-Shorts-Slim-Fit-1601428846088.html,Public product listing only; capability remains unverified,unverified platform claim,,denim,2026-08-04,Alibaba success receipt MC1IDX1NHCBEu9uAP0S4sYyTJMsb2hw13eS6cV14KVkDXe4GtwIZzoif1Hrxt25fb0aGn_I,awaiting,,0,evidence_pending,,"No attachment, order or spend commitment"
D034,denim,"Dongguan Qifan Garment Co.,Ltd.",,China,Alibaba,https://qifanfashion.en.alibaba.com/company_profile.html,https://www.alibaba.com/product-detail/Custom-Baggy-Raw-Indigo-Japanese-Green-1601670910910.html,Public product listing only; capability remains unverified,unverified platform claim,,denim,2026-08-04,Alibaba success receipt MC1IDX1cwhn7poHTY2DtJRRTOW01HQir6uOKjJwTXuQ7JMa7TM_CVIN3KGQ3MzJNnbApb3X,awaiting,,0,evidence_pending,,"No attachment, order or spend commitment"
D035,denim,"Guangzhou Youyuan Trade Co., Ltd.",,China,Alibaba,https://gz-youyuan.en.alibaba.com/company_profile.html,https://www.alibaba.com/product-detail/Distressed-Jeans-Denim-Baggy-Pants-Men-1601707747943.html,Public product listing only; capability remains unverified,unverified platform claim,,denim,2026-08-04,Alibaba success receipt MC1IDX1lLUJOJFKPpGqRE9KscrXIuQ-fjEmiPqTAocpqv-wx0e7uL0gKmh6kFn0cbe4-shg,awaiting,,0,evidence_pending,,"No attachment, order or spend commitment"
D036,denim,"Ruyi Guangzhou Industry Co., Ltd.",,China,Alibaba,https://loui.en.alibaba.com/company_profile.html,https://www.alibaba.com/product-detail/New-design-multi-pocket-digital-printing-1601275559525.html,Public product listing only; capability remains unverified,unverified platform claim,,denim,2026-08-04,Alibaba success receipt MC1IDX1yZ3VOrZFBNzV6NRUvzUZM-gxzJmhfonc-LmWULS3shLkE0sFBawWLp6GeuNcAc8g,awaiting,,0,evidence_pending,,"No attachment, order or spend commitment"
D037,denim,"Dongguan Qiaoshou Garment Co., Ltd.",,China,Alibaba,https://dgqiaoshou.en.alibaba.com/company_profile.html,https://www.alibaba.com/product-detail/Denim-Manufacturer-Custom-Jeans-Light-Blue-1601801146960.html,Public product listing only; capability remains unverified,unverified platform claim,,denim,2026-08-04,Alibaba success receipt MC1IDX1WDk7leJc_MXqP43ELnF4OZcazylpM_U4s-PStYIwaJVIFu4pduU3f5nqvGBmrm-B,awaiting,,0,evidence_pending,,"No attachment, order or spend commitment"
D038,denim,"Dongguan Mei Yue Clothing Co., Ltd.",,China,Alibaba,https://meiyue188.en.alibaba.com/company_profile.html,https://www.alibaba.com/product-detail/Custom-Jeans-Manufacturer-Straight-leg-Baggy-1601582790276.html,Public product listing only; capability remains unverified,unverified platform claim,,denim,2026-08-04,Alibaba success receipt MC1IDX1_kC2UUjmM-GChRVURYC7gokjaRUx54TSklc5GV2Bo8C93a1ONcjHNvAcsFLlqA6w,awaiting,,0,evidence_pending,,"No attachment, order or spend commitment"
D039,denim,"Guangdong Textiles Imp.&exp. Co., Limited",,China,Alibaba,https://gdtex6.en.alibaba.com/company_profile.html,https://www.alibaba.com/product-detail/Streetwear-ladies-jeans-trousers-denim-woman-1600343584616.html,Public product listing only; capability remains unverified,unverified platform claim,,denim,2026-08-04,Alibaba success receipt MC1IDX1bK_gnTvML-cdh7cNATFW5T7Rq-qMgCILVtYGLIAzm91hkxotHukzfgq-WSUhcKKg,awaiting,,0,evidence_pending,,"No attachment, order or spend commitment"
D040,denim,JADUKA INTERNATIONAL,,Pakistan,Alibaba,https://jadukainternational.trustpass.alibaba.com/company_profile.html,https://www.alibaba.com/product-detail/High-Quality-Mens-Casual-Baggy-Jogger_11000029389308.html,Public product listing only; capability remains unverified,unverified platform claim,,denim,2026-08-04 23:07,Message Center sent 2026-08-04 23:07 EDT,awaiting,,0,evidence_pending,,"No attachment, order or spend commitment"
J001,jacket,"Dongguan Purple Deer Garment Co., Ltd.",,China,Alibaba,https://ppdeer.en.alibaba.com/company_profile.html,https://www.alibaba.com/product-detail/Jacket-Manufacturer-Customized-Cotton-Retro-Double-1601614762723.html,Public product listing only; capability remains unverified,unverified platform claim,,jacket,2026-08-04,Alibaba success receipt MC1IDX1TpS9HlKRN-5IO-2GIQWdCt3_8AaqqiUHBI061DeYld5iDQ7n29Z7w9lJyrT1gVdy,awaiting,,0,evidence_pending,,"No attachment, order or spend commitment"
J002,jacket,"Dongguan Handsome Garment Co., Ltd.",,China,Alibaba,https://dghandsomefashion.en.alibaba.com/company_profile.html,https://www.alibaba.com/product-detail/Jacket-Manufacturer-Mens-Distressed-Quilted-Heavyweight-1601862713468.html,Public product listing only; capability remains unverified,unverified platform claim,,jacket,2026-08-04,Alibaba success receipt MC1IDX1Us_HDMVYzESupv3KMuL6WqitLjWqMW2CSgPZGERpxDZNpjDiEKNpk3NtwRu9tRGw,awaiting,,0,evidence_pending,,"No attachment, order or spend commitment"
J003,jacket,"Number One Industrial Co., Ltd.",,China,Alibaba,https://noonegarment.en.alibaba.com/company_profile.html,https://www.alibaba.com/product-detail/Workwear-Jacket-Manufacture-Quilted-Bomber-Jacket-1601563994543.html,Public product listing only; capability remains unverified,unverified platform claim,,jacket,2026-08-04,Alibaba success receipt MC1IDX1sI9H-4vfxODedSo2VH0fdddgoxLdqvNjBZ4xHVOoXoi4RlsPtfwlTfP_uUOuPLH_,awaiting,,0,evidence_pending,,"No attachment, order or spend commitment"
J004,jacket,"Dongguan Yimeng Garment Co., Ltd.",,China,Alibaba,https://yimenggarment.en.alibaba.com/company_profile.html,https://www.alibaba.com/product-detail/YM-Custom-Men-Casual-Jacket-Quilted-1601788955255.html,Public product listing only; capability remains unverified,unverified platform claim,,jacket,2026-08-04,Alibaba success receipt MC1IDX1NmwxGHEzNhXEK9FOsoZkp5ns8N05TSPN3Ou1IjVKNbftGPrDReZzsxwG5hb8cBpO,awaiting,,0,evidence_pending,,"No attachment, order or spend commitment"
J005,jacket,"Yiwu Ningzi Apparel Co., Ltd.",,China,Alibaba,https://chicpinks.en.alibaba.com/company_profile.html,https://www.alibaba.com/product-detail/Custom-Women-Printed-Quilted-Jacket-Zip-1601391337278.html,Public product listing only; capability remains unverified,unverified platform claim,,jacket,2026-08-04,Alibaba success receipt MC1IDX1g6390_KBoISsGyr9LbGprMvjLgyDhxdsY2Tked6xta-ZlBD3Qogm2SnbmZ-VL2qp,awaiting,,0,evidence_pending,,"No attachment, order or spend commitment"
J006,jacket,"Dongguan Rainbow Spray Co., Ltd.",,China,Alibaba,https://rainbowwing.en.alibaba.com/company_profile.html,https://www.alibaba.com/product-detail/Rainbow-Spray-High-Quality-Men-s-1601165550383.html,Public product listing only; capability remains unverified,unverified platform claim,,jacket,2026-08-04,Alibaba success receipt MC1IDX1tW1HzPM0iFBISfmSuqB5PShOayXRBy7mihQc4KgbAJO75T54NTc4vaSWeAuwfQmn,awaiting,,0,evidence_pending,,"No attachment, order or spend commitment"
J007,jacket,"Dongguan Yatisen Garment Co., Ltd.",,China,Alibaba,https://yatisen.en.alibaba.com/company_profile.html,https://www.alibaba.com/product-detail/Manufacturer-Men-Custom-Winter-Coat-Quilted-1600357516456.html,Public product listing only; capability remains unverified,unverified platform claim,,jacket,2026-08-04,Alibaba success receipt MC1IDX1lpm7HC0OAFL9mXBr0GCg0cMXd0iT4S2ZyqaVgUCmtAcli5_n5sMSNOADmkxn9isz,awaiting,,0,evidence_pending,,"No attachment, order or spend commitment"
J008,jacket,"Jiaxing Supertec Apparel Co., Ltd.",,China,Alibaba,https://isportswear.en.alibaba.com/company_profile.html,https://www.alibaba.com/product-detail/Hot-sales-outdoor-warm-utility-bubble-1600913312288.html,Public product listing only; capability remains unverified,unverified platform claim,,jacket,2026-08-04,Alibaba success receipt MC1IDX1tr0KwVm2Kibsa7wA6PYCl8abiWBtN1GYc94miDhCQvy43CBVorYPBYi_71SMxjkf,awaiting,,0,evidence_pending,,"No attachment, order or spend commitment"
J009,jacket,"Yiwu Max Apparel Co., Ltd.",,China,Alibaba,https://mjewel.en.alibaba.com/company_profile.html,https://www.alibaba.com/product-detail/plus-size-vintage-ladies-women-s-1600910700037.html,Public product listing only; capability remains unverified,unverified platform claim,,jacket,2026-08-04,Alibaba success receipt MC1IDX1X-7kr85UFrmmAfYSxZdwvQjtYuvF_SScInTLCw59Pd0P2QE5gwnGC8yYrC9pnq9A,awaiting,,0,evidence_pending,,"No attachment, order or spend commitment"
J010,jacket,"Shenzhen Doger Clothing Co., Ltd.",,China,Alibaba,https://doger.en.alibaba.com/company_profile.html,https://www.alibaba.com/product-detail/Custom-Jacket-Manufacturer-Men-Olive-Green-1601864970220.html,Public product listing only; capability remains unverified,unverified platform claim,,jacket,2026-08-04,Alibaba success receipt MC1IDX1PG09uKZbFR5HZpywzUEbuhyjkA_Bnkc1sS7QbBXQHgNxt8Sw9gUCHRxunP_1jzT7,awaiting,,0,evidence_pending,,"No attachment, order or spend commitment"
J011,jacket,"Dongguan Huiyifeng Garment Co., Ltd.",,China,Alibaba,https://huiyifeng.en.alibaba.com/company_profile.html,https://www.alibaba.com/product-detail/Detroit-Work-Workwear-Jacket-Manufacturer-Custom-1601639848333.html,Public product listing only; capability remains unverified,unverified platform claim,,jacket,2026-08-04,Alibaba success receipt MC1IDX1HBTP6bjKyvLCxT40lAKcoq0FmjrkpGZk21_S0HYv_bkf6rcaNFlxl9EUm5IVNc8B,awaiting,,0,evidence_pending,,"No attachment, order or spend commitment"
J012,jacket,"Dongguan Helobro Garment Co., Ltd.",,China,Alibaba,https://helobro.en.alibaba.com/company_profile.html,https://www.alibaba.com/product-detail/Custom-Quilted-Bubble-Jacket-Manufacturers-Designer-1601446824921.html,Public product listing only; capability remains unverified,unverified platform claim,,jacket,2026-08-04,Alibaba success receipt MC1IDX1Uk7MiNOqwC2enxD4c6LSp8oMWuQkL4TYBzo2E11lFLNzwmA2pXUp31IaCmIWmlvV,awaiting,,0,evidence_pending,,"No attachment, order or spend commitment"
J013,jacket,"Fuzhou Changtai Textile Co., Ltd.",,China,Alibaba,https://ctzf.en.alibaba.com/company_profile.html,https://www.alibaba.com/product-detail/Fashion-Winter-Custom-Apparel-Clothing-Manufacturer-1601659972832.html,Public product listing only; capability remains unverified,unverified platform claim,,jacket,2026-08-04,Alibaba success receipt MC1IDX14p5M4-o3LA51gIW-IPzpwVMNgs92MH-iQnU5y2TPWayk9eNNQGxPlMTtVNLfTWPR,awaiting,,0,evidence_pending,,"No attachment, order or spend commitment"
J014,jacket,"Suzhou Ruichenxuan Clothing Co., Ltd.",,China,Alibaba,https://ruichenxuan.en.alibaba.com/company_profile.html,https://www.alibaba.com/product-detail/RCX-Manufacturer-Wholesale-Custom-Double-Sided-1601619429693.html,Public product listing only; capability remains unverified,unverified platform claim,,jacket,2026-08-04,Alibaba success receipt MC1IDX1t5Km3Az_YdMEuOIfaJlDnDXZZuo1WkpU4nQVpT1W-gvXRQ6ji3SjE8zjsAmYcEzo,awaiting,,0,evidence_pending,,"No attachment, order or spend commitment"
J015,jacket,"Dongguan Qifei Clothing Co., Ltd.",,China,Alibaba,https://keofi.en.alibaba.com/company_profile.html,https://www.alibaba.com/product-detail/Custom-Fireman-Clasp-Jacket-Manufacturers-Wool-1601594114060.html,Public product listing only; capability remains unverified,unverified platform claim,,jacket,2026-08-04,Alibaba success receipt MC1IDX19lmfRolQWSj1ml7kRLhuh-8xl6EZdHPkIyUIz-iFD-zSYF5y-iVkOIpU8SWRfsxP,awaiting,,0,evidence_pending,,"No attachment, order or spend commitment"
J016,jacket,"Shanghai Zhongda Wincome Co., Ltd.",,China,Alibaba,https://hzwincome.en.alibaba.com/company_profile.html,https://www.alibaba.com/product-detail/BSCI-GRS-Certified-OEM-Custom-Men-1601717679720.html,Public product listing only; capability remains unverified,unverified platform claim,,jacket,2026-08-04,Alibaba success receipt MC1IDX1aEsSXqUOZho88aCDN3k0xGPAFePVbn9s9HSN_h33RyYf868y7tmoWUU5xPHdmEcQ,awaiting,,0,evidence_pending,,"No attachment, order or spend commitment"
J017,jacket,"Guangzhou Yufan Garment Trading Co., Ltd.",,China,Alibaba,https://guangzhouyufan.en.alibaba.com/company_profile.html,https://www.alibaba.com/product-detail/Custom-Loose-fit-Baseball-Green-Varsity-1601420067497.html,Public product listing only; capability remains unverified,unverified platform claim,,jacket,2026-08-04,Alibaba success receipt MC1IDX1iXokSO-uRRrXkw0_4D27XKvpI1q1-hl-UQfm5kc7yryd5Bp12ltLQ-eAI-On02Bl,awaiting,,0,evidence_pending,,"No attachment, order or spend commitment"
J018,jacket,"Shishi Dingyi Garments Co., Ltd.",,China,Alibaba,https://dingyigarments.en.alibaba.com/company_profile.html,https://www.alibaba.com/product-detail/Stand-Collar-Plus-Sized-Fancy-Logo-1601684665678.html,Public product listing only; capability remains unverified,unverified platform claim,,jacket,2026-08-04,Alibaba success receipt MC1IDX14CJ4ma3UhYRPWNcUrxG8oiopjw8fzDg_2lXSIypyZgNHzxs5JgTAPy5V5tvyXPgX,awaiting,,0,evidence_pending,,"No attachment, order or spend commitment"
J019,jacket,"Dongguan Auming Garment Co., Ltd.",,China,Alibaba,https://dgziying.en.alibaba.com/company_profile.html,https://www.alibaba.com/product-detail/Unisex-Lightweight-Portable-Jackets-Manufacturer-Custom-1601267433591.html,Public product listing only; capability remains unverified,unverified platform claim,,jacket,2026-08-04,Alibaba success receipt MC1IDX1glbBC7S0_TMT0l8OYCyiAm4FX_pYTB8lfX67w9iEVOW0TK02obCUvxRM-EGEY2YB,awaiting,,0,evidence_pending,,"No attachment, order or spend commitment"
J020,jacket,"Dongguan Jiuzuo Clothing Co., Ltd.",,China,Alibaba,https://jiuvel.en.alibaba.com/company_profile.html,https://www.alibaba.com/product-detail/Custom-luxury-Puffer-Coats-padded-Waterproof-1601596837882.html,Public product listing only; capability remains unverified,unverified platform claim,,jacket,2026-08-04,Alibaba success receipt MC1IDX14JZJE7hxqTHXWkk5dV2VoprXaJMtCOydAx-_KQNVLIZoey2KKEdasE1sBbngzwE7,awaiting,,0,evidence_pending,,"No attachment, order or spend commitment"
J021,jacket,"Guangzhou Banton Garment Co., Ltd.",,China,Alibaba,https://bandunfuzhuang.en.alibaba.com/company_profile.html,https://www.alibaba.com/product-detail/Improved-M43-Ameli-Quilted-Jacket-CWU-1601771061994.html,Public product listing only; capability remains unverified,unverified platform claim,,jacket,2026-08-04,Alibaba success receipt MC1IDX1IsWBj2BIsVFI6-tFL1XO9Izt1v1DnYEvm1lD2OLxVX0cJFkwS-PNZ8g8IMT6GXPp,awaiting,,0,evidence_pending,,"No attachment, order or spend commitment"
J022,jacket,"Xiamen Hanlu Technology Co., Ltd.",,China,Alibaba,https://hanluapparel.en.alibaba.com/company_profile.html,https://www.alibaba.com/product-detail/Custom-Clothing-Manufacturers-Custom-Men-Winter-1601680932894.html,Public product listing only; capability remains unverified,unverified platform claim,,jacket,2026-08-04,Alibaba success receipt MC1IDX1SdTn50_Q-5Np20o_i1R5AI1l_0Cv4AJe00phy4OFIvBXjTYzmfRNrjbifksKEj1U,awaiting,,0,evidence_pending,,"No attachment, order or spend commitment"
J023,jacket,"Dongguan Feiersi Clothing Co., Ltd.",,China,Alibaba,https://feiersi.en.alibaba.com/company_profile.html,https://www.alibaba.com/product-detail/Manufacture-Custom-Unisex-Winter-Nylon-Quilted-1601651410949.html,Public product listing only; capability remains unverified,unverified platform claim,,jacket,2026-08-04,Alibaba success receipt MC1IDX1uldhRwYNpM_C59OpFyGdgVXJOtmdCeO-dbS26-Gb4O2_29VUgJ8NlRDtcGrL_L3X,awaiting,,0,evidence_pending,,"No attachment, order or spend commitment"
J024,jacket,"Shanghai Garment Group Imp & Exp Co., Ltd.",,China,Alibaba,https://sggiec.en.alibaba.com/company_profile.html,https://www.alibaba.com/product-detail/Oem-Custom-logo-Winter-Down-Jacket-1601808371912.html,Public product listing only; capability remains unverified,unverified platform claim,,jacket,2026-08-04,Alibaba success receipt MC1IDX1u3b369ewb99W-pSZ3ShYn66W6to2Goyhf8uWdY8iKZNjFRpnGPOroq1gXt-hcTvz,awaiting,,0,evidence_pending,,"No attachment, order or spend commitment"
J025,jacket,"Dongguan Senman Clothing Co., Ltd.",,China,Alibaba,https://mannxc.en.alibaba.com/company_profile.html,https://www.alibaba.com/product-detail/Fast-Sampling-Custom-logo-Pu-Leather-1601779405460.html,Public product listing only; capability remains unverified,unverified platform claim,,jacket,2026-08-04,Alibaba success receipt MC1IDX10TBu1oWvNRiMC7ICw3fyObev3X5D0p5URxmMM1Ru8Zcn4D1R-ZQloHnS_Shz4Kd-,awaiting,,0,evidence_pending,,"No attachment, order or spend commitment"
T001,womens_top,"Zhucheng Chuhe Clothing Co., Ltd.",,China,Alibaba,https://zhchclothing.en.alibaba.com/company_profile.html,https://www.alibaba.com/product-detail/Womens-Long-Sleeve-Crop-Tops-Basic-1601670861426.html,Public product listing only; capability remains unverified,unverified platform claim,,top,2026-08-04,Alibaba success receipt MC1IDX1VctlI1yNEpc2YqhcEy0SMsCYGIK_iF4_6bSNXHeBBKlo0d2EGUniLlpMLK7SfBqg,awaiting,,0,evidence_pending,,"No attachment, order or spend commitment"
T002,womens_top,"Guangzhou Honghaotian Garments Co., Ltd.",,China,Alibaba,https://hht66.en.alibaba.com/company_profile.html,https://www.alibaba.com/product-detail/Custom-Autumn-Spring-Korea-straight-retro-1601282163366.html,Public product listing only; capability remains unverified,unverified platform claim,,top,2026-08-04,Alibaba success receipt MC1IDX1QBMaOhPMhjG5x4Zr0QQ-I98Ugr5pxM1344y7dPLqgKO1CweVwtzBVIileKxZZ_jZ,awaiting,,0,evidence_pending,,"No attachment, order or spend commitment"
T003,womens_top,"Ningbo Ever Top Apparel Co., Ltd.",,China,Alibaba,https://evertopone.en.alibaba.com/company_profile.html,https://www.alibaba.com/product-detail/Women-s-Shirt-Casual-Ladies-Long-1601449480680.html,Public product listing only; capability remains unverified,unverified platform claim,,top,2026-08-04,Alibaba success receipt MC1IDX1569500I47KtRMvVw7NK4ymHqPmdViTtOQO38BGWIEhfEQpxagPEJPBd58un-D3UO,awaiting,,0,evidence_pending,,"No attachment, order or spend commitment"
T004,womens_top,"Jiangyin Ruichi Electronic Commerce Co., Ltd.",,China,Alibaba,https://ruichii.en.alibaba.com/company_profile.html,https://www.alibaba.com/product-detail/RUICHI-Custom-Women-s-Soft-Ribbed-1601673196288.html,Public product listing only; capability remains unverified,unverified platform claim,,top,2026-08-04,Alibaba success receipt MC1IDX1MX_HOL9fOpzEpsWLYTqGL2gg6v5RQCMg0qKZTqB6doi18AZsdCt11xZY7aUWz2rz,awaiting,,0,evidence_pending,,"No attachment, order or spend commitment"
T005,womens_top,"Jiangxi Brother Garment Co., Ltd.",,China,Alibaba,https://brothergarment.en.alibaba.com/company_profile.html,https://www.alibaba.com/product-detail/2026-Spring-New-Fashion-Hot-Girl-1601690564383.html,Public product listing only; capability remains unverified,unverified platform claim,,top,2026-08-04,Alibaba success receipt MC1IDX1sGH__rI0Qkz5vemu66z6dGL3pyYJLU6JvIhM8h5tDRv8VuDJ7wrKWzp-spAJC924,awaiting,,0,evidence_pending,,"No attachment, order or spend commitment"
T006,womens_top,"Yiwu Lai Bo Garment Co., Ltd.",,China,Alibaba,https://noblefur.en.alibaba.com/company_profile.html,https://www.alibaba.com/product-detail/Customized-logo-Niche-style-design-white-1601285244623.html,Public product listing only; capability remains unverified,unverified platform claim,,top,2026-08-04,Alibaba success receipt MC1IDX1HAI7KW7piElBAiC8cEPTYlwqRRX-Zj5FykYrA5hT1jDQ1UUBl_cbyNDeqDNqnBnQ,awaiting,,0,evidence_pending,,"No attachment, order or spend commitment"
T007,womens_top,"Guangzhou Sehe Apparel Co., Ltd.",,China,Alibaba,https://sehefashion.en.alibaba.com/company_profile.html,https://www.alibaba.com/product-detail/Women-s-Striped-Button-Down-Collar-1601637241718.html,Public product listing only; capability remains unverified,unverified platform claim,,top,2026-08-04,Alibaba success receipt MC1IDX16GOzWj3H9yBcwwFztFEqNxBLV0d7QIDXSO78ODrRIdEeyoJoKsIOVI9Q7OoMTdiG,awaiting,,0,evidence_pending,,"No attachment, order or spend commitment"
T008,womens_top,"Xiamen Caisi Trading Co., Ltd.",,China,Alibaba,https://xmcaisi.en.alibaba.com/company_profile.html,https://www.alibaba.com/product-detail/Women-s-Fashion-Deep-V-T-1601568220098.html,Public product listing only; capability remains unverified,unverified platform claim,,top,2026-08-04,Alibaba success receipt MC1IDX1-zU12Xy6OT711gxNgAuNmcYKrb-xXJ08ujvtvfzzAond0Gb7CtcUvnXpgpD6F-aw,awaiting,,0,evidence_pending,,"No attachment, order or spend commitment"
T009,womens_top,"Xiamen Deya Global Trade Co., Ltd.",,China,Alibaba,https://xmdeya.en.alibaba.com/company_profile.html,https://www.alibaba.com/product-detail/C0046-New-Women-s-Deep-V-1601870825541.html,Public product listing only; capability remains unverified,unverified platform claim,,top,2026-08-04,Alibaba success receipt MC1IDX1oj9yS6f2-s4b3p-rjGTFdBVg_wPj69tvrFmP8oRaHcwn8B2FVPv_lUpL2KnkZY2A,awaiting,,0,evidence_pending,,"No attachment, order or spend commitment"
T010,womens_top,"Guangzhou Yinshi Apprael Co., Ltd.",,China,Alibaba,https://gzyinshi.en.alibaba.com/company_profile.html,https://www.alibaba.com/product-detail/Elegant-Women-Crewneck-Shawls-Loose-Long-1601828914989.html,Public product listing only; capability remains unverified,unverified platform claim,,top,2026-08-04,Alibaba success receipt MC1IDX1CJjrsHkIRZP4mMYzVbNsxERArQHhTMuPlVIFp2iK46dKzjvnbFfRgk1IcUy9_sJF,awaiting,,0,evidence_pending,,"No attachment, order or spend commitment"
T011,womens_top,"Suzhou Jinchuan Apparel Co., Ltd.",,China,Alibaba,https://szjinchuan.en.alibaba.com/company_profile.html,https://www.alibaba.com/product-detail/Crew-Neck-Brown-Color-Ruffle-Long-1601683005575.html,Public product listing only; capability remains unverified,unverified platform claim,,top,2026-08-04,Alibaba success receipt MC1IDX1Trt9uyk6LnA57EiIWDQpztiWRdVn6-eFN7pLHWLheq8sU6xI1QHzqxXv3-q1DTTJ,awaiting,,0,evidence_pending,,"No attachment, order or spend commitment"
T012,womens_top,"Jiangxi Dingsheng Imp.& Exp. Co., Ltd.",,China,Alibaba,https://dingshengapparel.en.alibaba.com/company_profile.html,https://www.alibaba.com/product-detail/High-Quality-Custom-Printing-Cotton-Crop-1601282154846.html,Public product listing only; capability remains unverified,unverified platform claim,,top,2026-08-04,Alibaba success receipt MC1IDX1vnYQGLTBaDbmaA7b9M6dnjXhFpuCcx-gzHpcC80ZSdEK3FMAF9eZ3I-6tK43yRnc,awaiting,,0,evidence_pending,,"No attachment, order or spend commitment"
T013,womens_top,"Yiwu Xiaowei Clothing Co., Ltd.",,China,Alibaba,https://happonly.en.alibaba.com/company_profile.html,https://www.alibaba.com/product-detail/XW-sm2335-Wholesale-Best-Selling-Long-1601059204635.html,Public product listing only; capability remains unverified,unverified platform claim,,top,2026-08-04,Alibaba success receipt MC1IDX1VXf2u_YP4wAS8vRkksdR-j44N57v4wI3OY-hUZjuvljCVaXz4UTVFjvTwiyowc7Z,awaiting,,0,evidence_pending,,"No attachment, order or spend commitment"
T014,womens_top,"Jinjiang Xiangying Trading Co., Ltd.",,China,Alibaba,https://xiangyingtrade.en.alibaba.com/company_profile.html,https://www.alibaba.com/product-detail/New-Fall-Winter-Sexy-Casual-Streetwear-1600676636450.html,Public product listing only; capability remains unverified,unverified platform claim,,top,2026-08-04,Alibaba success receipt MC1IDX1GQPjMeOvu45j9bmLLFYVyw-Efp1pBM8eX-4Uj3c7WDoKYdYfFSFqUY1AQrn0pCMq,awaiting,,0,evidence_pending,,"No attachment, order or spend commitment"
T015,womens_top,"Guangzhou Linlin Garment Co., Ltd.",,China,Alibaba,https://gzlinlin.en.alibaba.com/company_profile.html,https://www.alibaba.com/product-detail/2024-new-style-plus-size-shirt-1601277238069.html,Public product listing only; capability remains unverified,unverified platform claim,,top,2026-08-04,Alibaba success receipt MC1IDX1kDyCpg8EC0UMHWhocw50tR-PzGK4y4ZxXmmLQ5bTQbPOIWNngrVK1xUsXSyGktIo,awaiting,,0,evidence_pending,,"No attachment, order or spend commitment"
T016,womens_top,"Fuzhou HG Textile Co., Ltd.",,China,Alibaba,https://hgbridal.en.alibaba.com/company_profile.html,https://www.alibaba.com/product-detail/Crop-Top-Black-T-Shirts-Sexy-1600388340240.html,Public product listing only; capability remains unverified,unverified platform claim,,top,2026-08-04,Alibaba success receipt MC1IDX1DG_lkj7Y8yn67InfAwnV9Z6ko55yDawObFAebHO3db8DVKLRA0hVzPDrzn9J7F_s,awaiting,,0,evidence_pending,,"No attachment, order or spend commitment"
T017,womens_top,"Dongguan King Young Apparel Co., Ltd.",,China,Alibaba,https://kingyoung.en.alibaba.com/company_profile.html,https://www.alibaba.com/product-detail/King-Young-Summer-Sexy-Solid-Crochet-1600200454659.html,Public product listing only; capability remains unverified,unverified platform claim,,top,2026-08-04,Alibaba success receipt MC1IDX135km7sdG0XvLLwV31F759FX7_FKA4QeQZpetoYGNrHi3qB_J4sj3gkAwi-8a8PxT,awaiting,,0,evidence_pending,,"No attachment, order or spend commitment"
T018,womens_top,"Guangzhou Leyee Garment Co., Ltd.",,China,Alibaba,https://guangzhouleyee.en.alibaba.com/company_profile.html,https://www.alibaba.com/product-detail/Romantic-French-Hollow-Embroidered-Blouse-Women-1601594270811.html,Public product listing only; capability remains unverified,unverified platform claim,,top,2026-08-04,Alibaba success receipt MC1IDX1FRM-rk3xW8d8-BLsujvLynunbatWqH7YVGgeevMRQyO15W9rttEP56ji4Yhkyq7D,awaiting,,0,evidence_pending,,"No attachment, order or spend commitment"
T019,womens_top,"Hangzhou Shixiang Clothing Co., Ltd.",,China,Alibaba,https://cnhzshixiang.en.alibaba.com/company_profile.html,https://www.alibaba.com/product-detail/2024-New-Women-s-Casual-Solid-1601665519538.html,Public product listing only; capability remains unverified,unverified platform claim,,top,2026-08-04,Alibaba success receipt MC1IDX1v6SYZ1DRLC_cp9-GwfmIK0yjawGxLl3WkaGfhiGIEy0PZUC9Li8FPlEbp11kBeaC,awaiting,,0,evidence_pending,,"No attachment, order or spend commitment"
T020,womens_top,"Shenzhen Aglory Fashion Apparel Co., Ltd.",,China,Alibaba,https://aglorysz.en.alibaba.com/company_profile.html,https://www.alibaba.com/product-detail/100-Cotton-Tops-2026-Spring-Fashion-1601716264106.html,Public product listing only; capability remains unverified,unverified platform claim,,top,2026-08-04,Alibaba success receipt MC1IDX17kFBj7Iud4WOJQwb1UfZOk-2jXet06XCOsVbxOiU6vYoXmAuOJy4sXRsUPAF2szG,awaiting,,0,evidence_pending,,"No attachment, order or spend commitment"
S001,scarf,"Tongxiang Tyan Clothing Co., Ltd.",,China,Alibaba,https://txtyan.en.alibaba.com/company_profile.html,https://www.alibaba.com/product-detail/Wholesale-Warm-Soft-Scarf-Shawl-Fur-60807628993.html,Public product listing only; capability remains unverified,unverified platform claim,,scarf,2026-08-04,Alibaba success receipt MC1IDX1rUm8OgOvXPnMMutktSXGyYXJJEs8C41ejOK1E7HcH9tL5ITZbL1II5XQGDvQEpGX,awaiting,,0,evidence_pending,,"No attachment, order or spend commitment"
S002,scarf,"Yiwu Yadolce Garment Co., Ltd.",,China,Alibaba,https://yadolce.en.alibaba.com/company_profile.html,https://www.alibaba.com/product-detail/Europe-Fashion-Custom-Logo-Solid-Color-1601621339105.html,Public product listing only; capability remains unverified,unverified platform claim,,scarf,2026-08-04,Alibaba success receipt MC1IDX1Dc3JCqv7rIcwcR1UnSUe1SNCPJGS1i1gAyo0CvYd-ivML_4Yw5lRhONKJ3NoRBbE,awaiting,,0,evidence_pending,,"No attachment, order or spend commitment"
S003,scarf,"Guangzhou Junma Apparel Co., Ltd.",,China,Alibaba,https://jmsweater.en.alibaba.com/company_profile.html,https://www.alibaba.com/product-detail/Brand-custom-new-arrivals-winter-travel-60806539678.html,Public product listing only; capability remains unverified,unverified platform claim,,scarf,2026-08-04,Alibaba success receipt MC1IDX14mYeQNvpXWNul37D11jaHiuxch8NTXHGdTUkAjaW3B2WH-YR2sd6K12ECwYi7PRo,awaiting,,0,evidence_pending,,"No attachment, order or spend commitment"
S004,scarf,Suzhou Jiechen Embroidery Handicraft Factory,,China,Alibaba,https://szjiechen.en.alibaba.com/company_profile.html,https://www.alibaba.com/product-detail/Luxury-Winter-Square-Silk-Wool-Blend-1601258980682.html,Public product listing only; capability remains unverified,unverified platform claim,,scarf,2026-08-04,Alibaba success receipt MC1IDX1tr_UcnDGA4MBsQKtwdnEH1RaLFHM5NtP_n57byAKD1NT49XvtWF8hpQdNb58A14U,awaiting,,0,evidence_pending,,"No attachment, order or spend commitment"
S005,scarf,"Ningbo Youki Unite Imp & Exp Co., Ltd.",,China,Alibaba,https://youki.en.alibaba.com/company_profile.html,https://www.alibaba.com/product-detail/Winter-warm-soft-colourful-plaid-wool-1600690377349.html,Public product listing only; capability remains unverified,unverified platform claim,,scarf,2026-08-04,Alibaba success receipt MC1IDX19WciqoSTFZMR1ZSOGgKX7W_JmajOyNaCNWpbvNox-VG7s6QjUKztzRswuthsYv-4,awaiting,,0,evidence_pending,,"No attachment, order or spend commitment"
S006,scarf,Zhejiang Runyang Clothing Company,,China,Alibaba,https://bkcashmere.en.alibaba.com/company_profile.html,https://www.alibaba.com/product-detail/Long-Size-Solid-Color-Merino-Wool-60523063438.html,Public product listing only; capability remains unverified,unverified platform claim,,scarf,2026-08-04,Alibaba success receipt MC1IDX1jyaL2mJKdHIb1qLy69aI60F81ZaYpLoSRIMyRJaj7sF8xEi_KT0EigkxSBTxDj1c,awaiting,,0,evidence_pending,,"No attachment, order or spend commitment"
S007,scarf,"Hangzhou Leji Technology Co., Ltd.",,China,Alibaba,https://lejitech.en.alibaba.com/company_profile.html,https://www.alibaba.com/product-detail/Merino-Wool-Men-s-Long-Jacquard-1601633950430.html,Public product listing only; capability remains unverified,unverified platform claim,,scarf,2026-08-04,Alibaba success receipt MC1IDX1XmHo4wQWWA8RyTDPNvWBR0dXdCpDfydPdZnb17j0bOJJAxH4jt9hht8oj2C21dzn,awaiting,,0,evidence_pending,,"No attachment, order or spend commitment"
S008,scarf,"Shanxi Field Clothing Co., Ltd.",,China,Alibaba,https://imfield2.en.alibaba.com/company_profile.html,https://www.alibaba.com/product-detail/Hot-selling-Blend-Cashmere-Scarf-Women-1601568805149.html,Public product listing only; capability remains unverified,unverified platform claim,,scarf,2026-08-04,Alibaba success receipt MC1IDX1xHLhIhNyWORBNqKmk6fOjbJhA977GVccHuEUNEo6KEYQzmom0zr5su8VebY3Fw7E,awaiting,,0,evidence_pending,,"No attachment, order or spend commitment"
S009,scarf,"Tongxiang Janefur Co., Ltd.",,China,Alibaba,https://jfur.en.alibaba.com/company_profile.html,https://www.alibaba.com/product-detail/Women-cashmere-poncho-shawl-colorful-winter-1600105468085.html,Public product listing only; capability remains unverified,unverified platform claim,,scarf,2026-08-04,Alibaba success receipt MC1IDX1gU-2QLCntKOXSukt5WuajHCoEfV3zYRsjOixK4J_1Ym--XtMw3bSxu1Nirx9S_i3,awaiting,,0,evidence_pending,,"No attachment, order or spend commitment"
S010,scarf,Suzhou Guoyun Silk Factory,,China,Alibaba,https://szgysilk.en.alibaba.com/company_profile.html,https://www.alibaba.com/product-detail/Double-Sided-Two-Color-Square-Scarf-1601639136749.html,Public product listing only; capability remains unverified,unverified platform claim,,scarf,2026-08-04,Alibaba success receipt MC1IDX1FdapwFFXOnH-GC3nISrwzJwFYkIpyr8O8pF_xmMlORlIwG21vhvcuvwpuyERfHt3,awaiting,,0,evidence_pending,,"No attachment, order or spend commitment"
S011,scarf,"Inner Mongolia Field Textile Products Co., Ltd.",,China,Alibaba,https://imfield.en.alibaba.com/company_profile.html,https://www.alibaba.com/product-detail/Custom-New-Arrivals-Winter-Travel-Cashmere-62007907267.html,Public product listing only; capability remains unverified,unverified platform claim,,scarf,2026-08-04,Alibaba success receipt MC1IDX1RVQikf9BtWNUSgDyXXNS8p47s1oAzFIHm9ILG-kylEO1PDRthjCzpe9B7GaTIuf9,awaiting,,0,evidence_pending,,"No attachment, order or spend commitment"
S012,scarf,"Ningbo Jiayu Garment Co., Ltd.",,China,Alibaba,https://scarfhat.en.alibaba.com/company_profile.html,https://www.alibaba.com/product-detail/Factory-Wholesale-Ready-Supply-Solid-15-1601865608116.html,Public product listing only; capability remains unverified,unverified platform claim,,scarf,2026-08-04,Alibaba success receipt MC1IDX1KVooCN353brwhMcAu3tlYZddW5INZZU9rIs6nNPB5SW_Hlsrxm0CNMX5_SdpigPA,awaiting,,0,evidence_pending,,"No attachment, order or spend commitment"
S013,scarf,"Alice Clothing (Yiwu) Co., Ltd.",,China,Alibaba,https://yiwualice.en.alibaba.com/company_profile.html,https://www.alibaba.com/product-detail/Vintage-Hemp-Pattern-Solid-Color-Wool-1601650011652.html,Public product listing only; capability remains unverified,unverified platform claim,,scarf,2026-08-04,Alibaba success receipt MC1IDX1nNVIYVM3j4gIgOwbAU_faHcitYSslZqOL1l6hg3gIkG-EICMaApYsgAXfvXrzjbJ,awaiting,,0,evidence_pending,,"No attachment, order or spend commitment"
S014,scarf,"Shanghai Style Fashion Accessories Co., Ltd.",,China,Alibaba,https://stylesh.en.alibaba.com/company_profile.html,https://www.alibaba.com/product-detail/Wholesale-Custom-Soft-Breathable-Recycled-Poly-1601607728118.html,Public product listing only; capability remains unverified,unverified platform claim,,scarf,2026-08-04,Alibaba success receipt MC1IDX1P8vyhdThrIRuPqq76Tov97IU4apD4_FUDGrZyzCG_cgryXX7TlKbgUxZWJdbGWA2,awaiting,,0,evidence_pending,,"No attachment, order or spend commitment"
S015,scarf,"Shengzhou Haoshuai Necktie&Garment Co., Ltd.",,China,Alibaba,https://hsgarment.en.alibaba.com/company_profile.html,https://www.alibaba.com/product-detail/Men-s-Business-Casual-Thick-Scarves-1600909830947.html,Public product listing only; capability remains unverified,unverified platform claim,,scarf,2026-08-04,Alibaba success receipt MC1IDX14eXwHpTbmFZ5zJ_VKGYDnRw76uYMzp13YOZvEog3VBd5QcwFxQwDa66sA1eOhQq3,awaiting,,0,evidence_pending,,"No attachment, order or spend commitment"
